{"cameraMode":{"drawMode":0,"name":"Shaded","section":"Shading Mode"},"sceneLighting":true,"audioPlay":false,"sceneViewState":{"m_AlwaysRefresh":false,"showFog":true,"showSkybox":true,"showFlares":true,"showImageEffects":true,"showParticleSystems":true,"showVisualEffectGraphs":true,"m_FxEnabled":true},"in2DMode":false,"pivot":{"x":0.13823692500591279,"y":1.2410989999771119,"z":24.68856430053711},"rotation":{"x":-0.03015231527388096,"y":-0.0996924340724945,"z":0.0030248723924160005,"w":-0.994604766368866},"size":14.056330680847168,"orthographic":false}